upi_id,report_count,report_status,last_reported
drsubramanyam60@okaxis,1,Confirmed Scam,2025-11-04
harishkumar356@naviaxis,1,Confirmed Scam,2025-01-24
70505357@hdfcbank,1,Confirmed Scam,2025-05-08
6831639217@pytam,1,Confirmed Scam,2025-04-05
kajalbt25-1@okhdfcbank,1,Confirmed Scam,2025-12-04
9880574575@ybl,1,Confirmed Scam,2025-11-24
11253381467@okbizaxis,1,Confirmed Scam,2025-09-03
bharatpe907720058534@yesbankltd,1,Confirmed Scam,2025-10-14
Vanshu-singh77@ptaxis,1,Confirmed Scam,2025-01-01
9341492344m@pnb,1,Confirmed Scam,2025-02-07
boim-449302130110@boi,1,Confirmed Scam,2025-04-17
POPULARSWEETSHOP74413@upgraminbank,1,Confirmed Scam,2025-10-01
pranjalsharma2091@okicici,1,Confirmed Scam,2025-09-07
karthik.nambiar@ptyes,1,Confirmed Scam,2025-12-21
9905867961@mbkns,1,Confirmed Scam,2025-12-18
6261264295@pthdfc,1,Confirmed Scam,2025-07-08
6319300@upgraminbank,1,Reported - Unverified,2025-10-09
5868570@okhdfcbank,1,Reported - Unverified,2025-05-03
arjunmishra8136@okbizaxis,1,Reported - Unverified,2025-07-09
8840957@mbkns,1,Confirmed Scam,2025-11-16
7574539@ptaxis,1,Confirmed Scam,2025-09-16
kumarsingh4039@okhdfcbank,1,Confirmed Scam,2025-11-11
8251982661@pnb,1,Reported - Unverified,2025-09-25
poojakumar9883@mbkns,1,Reported - Unverified,2025-12-16
1569976736@ptaxis,1,Confirmed Scam,2025-08-17
5220629@okicici,1,Confirmed Scam,2025-02-17
9547810444@boi,1,Reported - Unverified,2025-11-21
vijaypillai2144@naviaxis,1,Confirmed Scam,2025-09-04
geetarao4489@ybl,1,Under Investigation,2025-05-14
9557055@ptaxis,1,Reported - Unverified,2025-03-02
anitareddy8495@pnb,1,Under Investigation,2025-04-22
6499065055@upgraminbank,1,Reported - Unverified,2025-06-03
MOBILESHOP76960@ptyes,1,Confirmed Scam,2025-12-18
KIRANASTORE68529@boi,1,Reported - Unverified,2025-01-11
MOBILESHOP75196@pnb,1,Reported - Unverified,2025-06-26
manojrao1784@pthdfc,1,Under Investigation,2025-01-06
SWEETSHOP17304@yesbankltd,1,Confirmed Scam,2025-01-22
KIRANASTORE35683@upgraminbank,1,Confirmed Scam,2025-02-20
SWEETSHOP81045@yesbankltd,1,Reported - Unverified,2025-07-03
SWEETSHOP95636@mbkns,1,Reported - Unverified,2025-07-18
MEDICALSTORE63465@ptyes,1,Reported - Unverified,2025-02-27
0248046@ptyes,1,Confirmed Scam,2025-12-23
7286459@okicici,1,Reported - Unverified,2025-08-05
ELECTRONICS41847@paytm,1,Confirmed Scam,2025-12-10
MOBILESHOP13124@mbkns,1,Reported - Unverified,2025-07-13
poojakumar2388@okbizaxis,1,Confirmed Scam,2025-07-16
SWEETSHOP99595@okbizaxis,1,Confirmed Scam,2025-05-13
782005936@mbkns,1,Confirmed Scam,2025-01-08
snehaiyer6526@ptaxis,1,Under Investigation,2025-05-04
FASHIONSTORE58263@okbizaxis,1,Confirmed Scam,2025-06-18
ELECTRONICS88196@ybl,1,Reported - Unverified,2025-12-17
ELECTRONICS53292@ptsbi,1,Confirmed Scam,2025-03-16
MOBILESHOP09074@mbkns,1,Under Investigation,2025-04-13
MEDICALSTORE95343@pthdfc,1,Under Investigation,2025-04-07
MOBILESHOP82337@oksbi,1,Under Investigation,2025-12-05
2439281045@okhdfcbank,1,Reported - Unverified,2025-03-05
FASHIONSTORE76725@ybl,1,Confirmed Scam,2025-10-24
2514640@boi,1,Under Investigation,2025-12-10
766945698@ybl,1,Reported - Unverified,2025-01-06
SWEETSHOP34254@paytm,1,Confirmed Scam,2025-11-27
poojamishra1564@pnb,1,Confirmed Scam,2025-07-23
217880840@naviaxis,1,Reported - Unverified,2025-06-20
1284067730@naviaxis,1,Reported - Unverified,2025-02-08
priyaiyer9274@paytm,1,Reported - Unverified,2025-12-05
KIRANASTORE22594@yesbankltd,1,Confirmed Scam,2025-09-25
2384349397@mbkns,1,Confirmed Scam,2025-08-02
KIRANASTORE54746@okhdfcbank,1,Confirmed Scam,2025-10-23
anjalidas6845@mbkns,1,Reported - Unverified,2025-07-04
deepaverma0723@paytm,1,Confirmed Scam,2025-03-06
4220896@okicici,1,Reported - Unverified,2025-02-15
MEDICALSTORE81342@yesbankltd,1,Under Investigation,2025-05-01
karthikverma6366@ptsbi,1,Reported - Unverified,2025-11-04
swatimishra5702@ptyes,1,Reported - Unverified,2025-09-17
731919879@upgraminbank,1,Confirmed Scam,2025-02-26
FASHIONSTORE72363@okhdfcbank,1,Under Investigation,2025-11-03
1934081@ptyes,1,Reported - Unverified,2025-06-22
0449034980@ptaxis,1,Confirmed Scam,2025-09-21
026903972@upgraminbank,1,Reported - Unverified,2025-10-07
0811216007@mbkns,1,Confirmed Scam,2025-10-11
MEDICALSTORE10435@naviaxis,1,Under Investigation,2025-05-15
poojadas6490@naviaxis,1,Confirmed Scam,2025-07-20
7168584@oksbi,1,Reported - Unverified,2025-07-11
463190800@yesbankltd,1,Confirmed Scam,2025-03-18
MOBILESHOP94902@okhdfcbank,1,Confirmed Scam,2025-09-12
KIRANASTORE98660@okicici,1,Confirmed Scam,2025-06-01
6072433775@okbizaxis,1,Confirmed Scam,2025-01-05
arjunmishra4642@ybl,1,Confirmed Scam,2025-01-08
manojverma7721@okaxis,1,Reported - Unverified,2025-09-18
KIRANASTORE09855@ybl,1,Reported - Unverified,2025-10-15
MOBILESHOP44087@ybl,1,Confirmed Scam,2025-11-04
1211709@pthdfc,1,Under Investigation,2025-08-25
4467530@mbkns,1,Confirmed Scam,2025-08-02
FASHIONSTORE53597@ybl,1,Confirmed Scam,2025-01-15
ELECTRONICS24451@ybl,1,Confirmed Scam,2025-11-20
MEDICALSTORE62769@ybl,1,Under Investigation,2025-03-20
lakshmidas7868@ptyes,1,Reported - Unverified,2025-05-06
MEDICALSTORE12755@ptsbi,1,Under Investigation,2025-10-05
4462427453@pnb,1,Under Investigation,2025-04-12
541168043@paytm,1,Confirmed Scam,2025-12-28
anitasingh4580@ptyes,1,Confirmed Scam,2025-09-12
snehakumar9867@pthdfc,1,Confirmed Scam,2025-08-20
arjunpatel5751@okaxis,1,Under Investigation,2025-11-26
karthikyadav5657@okhdfcbank,1,Reported - Unverified,2025-06-03
anjaliyadav6920@okbizaxis,1,Reported - Unverified,2025-10-24
1746680742@naviaxis,1,Confirmed Scam,2025-04-02
ELECTRONICS06280@oksbi,1,Reported - Unverified,2025-07-11
7068530@ptsbi,1,Under Investigation,2025-05-15
479646706@pnb,1,Reported - Unverified,2025-06-17
1263901@okaxis,1,Confirmed Scam,2025-06-12
sanjaymenon3290@ptaxis,1,Confirmed Scam,2025-04-20
4840683@boi,1,Confirmed Scam,2025-12-03
FASHIONSTORE77132@ptyes,1,Reported - Unverified,2025-08-26
975780964@ybl,1,Reported - Unverified,2025-06-05
5319295@ptaxis,1,Confirmed Scam,2025-02-09
MOBILESHOP55191@ptaxis,1,Reported - Unverified,2025-01-21
MOBILESHOP64629@boi,1,Confirmed Scam,2025-08-14
839337512@mbkns,1,Confirmed Scam,2025-05-15
kavyadas4998@naviaxis,1,Confirmed Scam,2025-08-01
5025862@oksbi,1,Confirmed Scam,2025-02-14
FASHIONSTORE00532@pthdfc,1,Confirmed Scam,2025-03-04
SWEETSHOP64007@pthdfc,1,Reported - Unverified,2025-03-11
MEDICALSTORE38572@pnb,1,Confirmed Scam,2025-10-16
5773825@naviaxis,1,Confirmed Scam,2025-04-01
564877559@ptaxis,1,Confirmed Scam,2025-09-13
3776661252@paytm,1,Confirmed Scam,2025-05-23
9721639898@mbkns,1,Reported - Unverified,2025-01-10
geetamishra2425@pthdfc,1,Confirmed Scam,2025-04-21
rajeshyadav6199@yesbankltd,1,Confirmed Scam,2025-08-21
SWEETSHOP62780@mbkns,1,Confirmed Scam,2025-07-26
MOBILESHOP69346@naviaxis,1,Confirmed Scam,2025-03-24
SWEETSHOP57188@pnb,1,Reported - Unverified,2025-08-11
vijayrao7937@upgraminbank,1,Under Investigation,2025-03-13
FASHIONSTORE62117@okhdfcbank,1,Reported - Unverified,2025-04-22
naveenmenon9189@oksbi,1,Under Investigation,2025-08-04
4540487@ybl,1,Confirmed Scam,2025-05-27
750894211@ybl,1,Confirmed Scam,2025-06-13
8193198794@okbizaxis,1,Reported - Unverified,2025-09-13
187066982@paytm,1,Confirmed Scam,2025-02-20
radhasharma4577@okicici,1,Reported - Unverified,2025-04-10
5571650@yesbankltd,1,Confirmed Scam,2025-11-22
ELECTRONICS37483@yesbankltd,1,Confirmed Scam,2025-03-13
807126681@mbkns,1,Reported - Unverified,2025-08-07
SWEETSHOP99194@ptyes,1,Confirmed Scam,2025-04-18
ELECTRONICS25409@okbizaxis,1,Confirmed Scam,2025-10-28
133846628@okaxis,1,Under Investigation,2025-08-06
MEDICALSTORE95600@pnb,1,Confirmed Scam,2025-01-14
2406996@ybl,1,Under Investigation,2025-01-18
sanjaygupta9086@okaxis,1,Confirmed Scam,2025-05-27
592686870@ybl,1,Confirmed Scam,2025-07-18
anitayadav6399@pnb,1,Reported - Unverified,2025-05-02
SWEETSHOP95773@naviaxis,1,Confirmed Scam,2025-11-18
0206659@ybl,1,Confirmed Scam,2025-01-21
9466067701@ptsbi,1,Confirmed Scam,2025-12-13
raviverma3211@ybl,1,Reported - Unverified,2025-10-20
775925612@okaxis,1,Confirmed Scam,2025-08-05
739746410@upgraminbank,1,Under Investigation,2025-06-27
ELECTRONICS91392@paytm,1,Confirmed Scam,2025-06-13
9170792780@pthdfc,1,Confirmed Scam,2025-11-16
KIRANASTORE43455@okicici,1,Confirmed Scam,2025-02-25
FASHIONSTORE96379@pnb,1,Confirmed Scam,2025-08-12
2908733@pthdfc,1,Confirmed Scam,2025-09-16
radhamishra0070@paytm,1,Confirmed Scam,2025-03-18
1640615372@paytm,1,Reported - Unverified,2025-10-04
164933313@pthdfc,1,Reported - Unverified,2025-10-06
MEDICALSTORE13165@ybl,1,Confirmed Scam,2025-09-06
0301895464@pnb,1,Confirmed Scam,2025-08-06
kavyasharma2275@okicici,1,Reported - Unverified,2025-09-27
8729438497@boi,1,Under Investigation,2025-04-26
KIRANASTORE88555@yesbankltd,1,Reported - Unverified,2025-10-09
maheshchatterjee9818@ptaxis,1,Under Investigation,2025-08-05
ELECTRONICS68052@yesbankltd,1,Reported - Unverified,2025-10-01
vikrammenon7398@paytm,1,Confirmed Scam,2025-10-28
MEDICALSTORE74184@naviaxis,1,Reported - Unverified,2025-03-28
MOBILESHOP06606@ybl,1,Confirmed Scam,2025-04-16
0318642@oksbi,1,Confirmed Scam,2025-12-26
FASHIONSTORE38866@pthdfc,1,Under Investigation,2025-08-12
0175393@yesbankltd,1,Under Investigation,2025-04-09
8261367723@ptyes,1,Under Investigation,2025-08-21
geetapillai3845@pthdfc,1,Confirmed Scam,2025-01-19
KIRANASTORE56547@boi,1,Reported - Unverified,2025-09-07
678004463@mbkns,1,Under Investigation,2025-02-01
poojamenon5823@pnb,1,Confirmed Scam,2025-05-17
naveenmenon4532@ptsbi,1,Confirmed Scam,2025-12-17
sureshyadav3198@okicici,1,Confirmed Scam,2025-12-11
priyasharma2504@pthdfc,1,Under Investigation,2025-06-03
manojverma7723@pthdfc,1,Confirmed Scam,2025-01-14
MOBILESHOP37329@okaxis,1,Under Investigation,2025-09-14
ELECTRONICS01805@paytm,1,Confirmed Scam,2025-06-15
kumarnair1431@boi,1,Confirmed Scam,2025-05-28
8302356@ptyes,1,Reported - Unverified,2025-03-01
8108918@okicici,1,Reported - Unverified,2025-11-21
geetareddy9168@upgraminbank,1,Confirmed Scam,2025-01-15
612128062@okbizaxis,1,Reported - Unverified,2025-08-14
118568797@naviaxis,1,Reported - Unverified,2025-08-18
SWEETSHOP13287@oksbi,1,Under Investigation,2025-02-08
MOBILESHOP87388@naviaxis,1,Confirmed Scam,2025-10-19
4022509@ptsbi,1,Under Investigation,2025-03-11
KIRANASTORE71153@naviaxis,1,Reported - Unverified,2025-03-24
6837210@mbkns,1,Confirmed Scam,2025-10-02
KIRANASTORE17291@okicici,1,Confirmed Scam,2025-01-09
arjunnair0379@pthdfc,1,Confirmed Scam,2025-03-15
ravipillai9013@ptyes,1,Confirmed Scam,2025-12-01
3945956@yesbankltd,1,Confirmed Scam,2025-04-04
4266101@ptaxis,1,Reported - Unverified,2025-02-16
FASHIONSTORE26333@okbizaxis,1,Under Investigation,2025-03-25
shalinimenon4720@ybl,1,Confirmed Scam,2025-08-10
ganeshiyer9491@oksbi,1,Confirmed Scam,2025-11-14
3332487@upgraminbank,1,Confirmed Scam,2025-07-04
7788826541@okhdfcbank,1,Under Investigation,2025-03-20
2798083246@naviaxis,1,Confirmed Scam,2025-04-05
6128778851@mbkns,1,Confirmed Scam,2025-12-17
manojpatel2497@pnb,1,Confirmed Scam,2025-11-01
5382800087@paytm,1,Confirmed Scam,2025-04-21
0770966028@upgraminbank,1,Under Investigation,2025-12-23
246831568@okbizaxis,1,Under Investigation,2025-09-21
SWEETSHOP09682@ptyes,1,Under Investigation,2025-10-13
243075172@okaxis,1,Confirmed Scam,2025-11-12
128716303@pnb,1,Reported - Unverified,2025-07-26
ELECTRONICS84859@upgraminbank,1,Confirmed Scam,2025-05-14
989181039@ptaxis,1,Confirmed Scam,2025-11-02
SWEETSHOP74706@boi,1,Reported - Unverified,2025-01-11
7283153009@okaxis,1,Under Investigation,2025-12-17
SWEETSHOP94719@yesbankltd,1,Confirmed Scam,2025-10-17
MEDICALSTORE65018@naviaxis,1,Under Investigation,2025-04-23
divyanair5674@ptyes,1,Confirmed Scam,2025-05-27
159642001@pthdfc,1,Reported - Unverified,2025-03-03
rameshgupta2924@okhdfcbank,1,Reported - Unverified,2025-02-28
anjaliiyer6389@okaxis,1,Confirmed Scam,2025-05-27
1798194@yesbankltd,1,Confirmed Scam,2025-03-20
FASHIONSTORE91402@okaxis,1,Confirmed Scam,2025-11-28
shalinirao3638@yesbankltd,1,Confirmed Scam,2025-08-28
026424848@mbkns,1,Reported - Unverified,2025-06-04
vijaychatterjee5006@okhdfcbank,1,Confirmed Scam,2025-11-22
MOBILESHOP83757@pthdfc,1,Confirmed Scam,2025-01-11
MOBILESHOP84874@oksbi,1,Reported - Unverified,2025-04-15
9857469@mbkns,1,Confirmed Scam,2025-08-01
karthikyadav7961@yesbankltd,1,Reported - Unverified,2025-10-23
FASHIONSTORE81685@okbizaxis,1,Under Investigation,2025-04-07
ELECTRONICS69563@pthdfc,1,Confirmed Scam,2025-07-26
vijayiyer6171@okaxis,1,Confirmed Scam,2025-04-25
MEDICALSTORE63576@paytm,1,Confirmed Scam,2025-09-02
SWEETSHOP97675@boi,1,Reported - Unverified,2025-08-06
deepanair0221@pnb,1,Reported - Unverified,2025-10-02
FASHIONSTORE73210@ptsbi,1,Confirmed Scam,2025-02-12
275989064@mbkns,1,Reported - Unverified,2025-01-22
7057554263@okhdfcbank,1,Reported - Unverified,2025-02-06
manojpatel4157@ybl,1,Confirmed Scam,2025-12-11
deepagupta0894@naviaxis,1,Confirmed Scam,2025-12-19
geetanair7307@pthdfc,1,Reported - Unverified,2025-12-13
KIRANASTORE55105@ptaxis,1,Reported - Unverified,2025-12-24
FASHIONSTORE16216@boi,1,Confirmed Scam,2025-11-18
priyapatel5936@upgraminbank,1,Confirmed Scam,2025-12-19
KIRANASTORE37762@mbkns,1,Confirmed Scam,2025-08-15
MEDICALSTORE60288@ptsbi,1,Reported - Unverified,2025-12-03
maheshpatel5594@okbizaxis,1,Confirmed Scam,2025-03-15
meenakumar2996@okbizaxis,1,Confirmed Scam,2025-12-24
ELECTRONICS03029@naviaxis,1,Confirmed Scam,2025-01-21
KIRANASTORE63685@upgraminbank,1,Confirmed Scam,2025-08-20
5211686@paytm,1,Confirmed Scam,2025-06-24
8005160502@ptsbi,1,Under Investigation,2025-09-13
anitapatel6442@ptyes,1,Under Investigation,2025-05-06
FASHIONSTORE31059@paytm,1,Reported - Unverified,2025-03-16
maheshnair4168@oksbi,1,Reported - Unverified,2025-07-12
389854279@okicici,1,Reported - Unverified,2025-05-20
7055328414@upgraminbank,1,Confirmed Scam,2025-05-28
KIRANASTORE47435@upgraminbank,1,Reported - Unverified,2025-12-05
naveensingh2435@okicici,1,Confirmed Scam,2025-02-27
3679462@ybl,1,Confirmed Scam,2025-03-21
anjaliverma0552@boi,1,Reported - Unverified,2025-03-03
557002893@pthdfc,1,Reported - Unverified,2025-04-20
155531525@okbizaxis,1,Reported - Unverified,2025-12-15
688423727@okicici,1,Confirmed Scam,2025-07-12
snehaverma3735@upgraminbank,1,Under Investigation,2025-03-24
7822261@ptsbi,1,Under Investigation,2025-02-03
338852175@okaxis,1,Under Investigation,2025-04-25
swatichatterjee9038@oksbi,1,Confirmed Scam,2025-01-22
meenagupta5246@mbkns,1,Confirmed Scam,2025-06-28
6878581874@pnb,1,Confirmed Scam,2025-03-14
KIRANASTORE80012@ptsbi,1,Confirmed Scam,2025-06-01
SWEETSHOP36478@boi,1,Under Investigation,2025-07-21
232262483@ybl,1,Confirmed Scam,2025-08-14
radharao2772@ptaxis,1,Confirmed Scam,2025-02-04
274151039@ybl,1,Confirmed Scam,2025-08-28
ELECTRONICS56655@paytm,1,Confirmed Scam,2025-06-14
MOBILESHOP25647@okaxis,1,Reported - Unverified,2025-04-14
7332427986@okbizaxis,1,Confirmed Scam,2025-11-24
SWEETSHOP11447@yesbankltd,1,Confirmed Scam,2025-09-01
arjuniyer4000@ptyes,1,Reported - Unverified,2025-06-03
5182309@naviaxis,1,Reported - Unverified,2025-07-25
7594633609@naviaxis,1,Confirmed Scam,2025-02-09
MEDICALSTORE21631@boi,1,Confirmed Scam,2025-12-20
deepayadav6397@okicici,1,Confirmed Scam,2025-03-16
MEDICALSTORE63184@paytm,1,Confirmed Scam,2025-04-19
MEDICALSTORE85815@mbkns,1,Confirmed Scam,2025-07-24
maheshrao7653@pthdfc,1,Confirmed Scam,2025-02-04
karthikiyer8240@naviaxis,1,Under Investigation,2025-10-23
snehareddy9248@pthdfc,1,Under Investigation,2025-06-26
SWEETSHOP02512@oksbi,1,Reported - Unverified,2025-12-04
KIRANASTORE11431@paytm,1,Reported - Unverified,2025-09-11
2535734900@yesbankltd,1,Confirmed Scam,2025-10-01
FASHIONSTORE80862@okaxis,1,Confirmed Scam,2025-02-02
2235520344@ptaxis,1,Confirmed Scam,2025-10-21
384882660@ybl,1,Confirmed Scam,2025-01-10
KIRANASTORE07345@ptaxis,1,Confirmed Scam,2025-03-05
057115461@naviaxis,1,Confirmed Scam,2025-04-08
6433503@mbkns,1,Reported - Unverified,2025-10-27
1378109@ptaxis,1,Confirmed Scam,2025-05-01
naveenyadav3725@ptyes,1,Under Investigation,2025-12-23
0262490@oksbi,1,Reported - Unverified,2025-11-28
FASHIONSTORE39579@okhdfcbank,1,Reported - Unverified,2025-01-08
MOBILESHOP13362@mbkns,1,Confirmed Scam,2025-04-05
9662219935@ptaxis,1,Under Investigation,2025-11-05
991993591@ptaxis,1,Confirmed Scam,2025-03-24
FASHIONSTORE78671@yesbankltd,1,Under Investigation,2025-10-19
071846134@okicici,1,Confirmed Scam,2025-04-08
divyarao6221@upgraminbank,1,Confirmed Scam,2025-07-25
1488259037@mbkns,1,Confirmed Scam,2025-04-10
FASHIONSTORE29694@ptyes,1,Confirmed Scam,2025-07-14
naveenpatel0367@pnb,1,Confirmed Scam,2025-09-23
7956181@okbizaxis,1,Confirmed Scam,2025-07-10
8907044@ptyes,1,Confirmed Scam,2025-10-16
6082682@paytm,1,Under Investigation,2025-03-02
anjalisharma5630@ptaxis,1,Under Investigation,2025-08-24
maheshverma3304@ybl,1,Confirmed Scam,2025-07-17
767748256@naviaxis,1,Confirmed Scam,2025-10-19
2211477264@ptsbi,1,Under Investigation,2025-06-12
2735306376@okaxis,1,Confirmed Scam,2025-03-07
ELECTRONICS64685@ptsbi,1,Under Investigation,2025-09-10
MOBILESHOP01833@okaxis,1,Confirmed Scam,2025-12-28
divyareddy8383@upgraminbank,1,Confirmed Scam,2025-08-17
975718896@oksbi,1,Confirmed Scam,2025-04-24
965040563@oksbi,1,Confirmed Scam,2025-11-07
621195155@ptyes,1,Reported - Unverified,2025-03-23
8500903037@pnb,1,Confirmed Scam,2025-10-12
1894467422@ybl,1,Confirmed Scam,2025-06-13
FASHIONSTORE01482@mbkns,1,Under Investigation,2025-07-27
lakshmireddy5446@mbkns,1,Reported - Unverified,2025-07-19
9545458190@pnb,1,Under Investigation,2025-11-27
2157876@mbkns,1,Confirmed Scam,2025-09-10
593949300@boi,1,Confirmed Scam,2025-07-28
ELECTRONICS78388@naviaxis,1,Confirmed Scam,2025-12-13
158342810@boi,1,Reported - Unverified,2025-03-24
8886964483@ptaxis,1,Under Investigation,2025-03-14
950043590@okicici,1,Confirmed Scam,2025-05-15
poojareddy6730@okicici,1,Confirmed Scam,2025-06-26
7265562704@naviaxis,1,Reported - Unverified,2025-09-03
MEDICALSTORE80115@upgraminbank,1,Reported - Unverified,2025-08-06
anitaiyer9149@mbkns,1,Confirmed Scam,2025-01-21
deepamishra4499@naviaxis,1,Reported - Unverified,2025-01-10
6096949832@okbizaxis,1,Under Investigation,2025-05-21
3615680014@okicici,1,Confirmed Scam,2025-12-10
nishareddy9689@okaxis,1,Reported - Unverified,2025-07-22
260497667@okhdfcbank,1,Confirmed Scam,2025-03-25
vijaypillai2810@okbizaxis,1,Confirmed Scam,2025-02-05
710524816@boi,1,Confirmed Scam,2025-11-13
ELECTRONICS77447@okbizaxis,1,Reported - Unverified,2025-10-18
SWEETSHOP09638@mbkns,1,Reported - Unverified,2025-09-02
6306711@ptyes,1,Confirmed Scam,2025-08-13
ELECTRONICS00701@ptsbi,1,Confirmed Scam,2025-12-19
radhaiyer6490@naviaxis,1,Confirmed Scam,2025-08-20
priyayadav7284@okhdfcbank,1,Reported - Unverified,2025-06-27
027131251@naviaxis,1,Reported - Unverified,2025-03-01
ravisingh7526@okaxis,1,Confirmed Scam,2025-11-09
1496730215@okicici,1,Reported - Unverified,2025-10-12
011894190@paytm,1,Confirmed Scam,2025-05-07
MEDICALSTORE05105@paytm,1,Confirmed Scam,2025-04-25
3244819@okhdfcbank,1,Confirmed Scam,2025-03-13
216018413@boi,1,Reported - Unverified,2025-10-06
4958277235@okicici,1,Confirmed Scam,2025-10-01
poojasharma5478@naviaxis,1,Confirmed Scam,2025-03-12
poojaverma7870@okaxis,1,Reported - Unverified,2025-03-26
830429577@okaxis,1,Under Investigation,2025-10-11
geetamenon1363@oksbi,1,Confirmed Scam,2025-03-11
radhapatel7385@ptsbi,1,Under Investigation,2025-12-18
MOBILESHOP98908@paytm,1,Under Investigation,2025-05-04
9046944701@ptaxis,1,Reported - Unverified,2025-04-27
KIRANASTORE63568@yesbankltd,1,Reported - Unverified,2025-08-12
meenaverma9615@ptaxis,1,Confirmed Scam,2025-04-04
MOBILESHOP15033@ptaxis,1,Confirmed Scam,2025-08-25
5562897967@mbkns,1,Confirmed Scam,2025-06-23
062336157@naviaxis,1,Confirmed Scam,2025-04-01
4650637@ybl,1,Confirmed Scam,2025-06-13
ELECTRONICS80749@pthdfc,1,Under Investigation,2025-03-27
manojverma9539@ptaxis,1,Under Investigation,2025-09-15
508835400@boi,1,Reported - Unverified,2025-05-21
196074953@okhdfcbank,1,Reported - Unverified,2025-10-14
103811249@okhdfcbank,1,Confirmed Scam,2025-01-10
manojsingh5133@oksbi,1,Under Investigation,2025-02-18
749125875@okaxis,1,Under Investigation,2025-09-23
naveenreddy8943@yesbankltd,1,Under Investigation,2025-06-06
snehaiyer1211@okhdfcbank,1,Confirmed Scam,2025-04-04
priyagupta0677@ptsbi,1,Confirmed Scam,2025-11-12
157250502@upgraminbank,1,Reported - Unverified,2025-05-06
geetapatel8461@okhdfcbank,1,Reported - Unverified,2025-02-25
priyaiyer7750@paytm,1,Confirmed Scam,2025-04-18
930663561@boi,1,Under Investigation,2025-07-23
anitamenon3591@pnb,1,Confirmed Scam,2025-11-13
7124610@ptsbi,1,Under Investigation,2025-02-16
3676544@okbizaxis,1,Confirmed Scam,2025-11-16
SWEETSHOP98148@mbkns,1,Confirmed Scam,2025-12-06
754554510@ptyes,1,Reported - Unverified,2025-08-19
ELECTRONICS51385@ptyes,1,Reported - Unverified,2025-07-12
2306811@pthdfc,1,Under Investigation,2025-01-15
040353046@oksbi,1,Confirmed Scam,2025-06-16
FASHIONSTORE92690@pnb,1,Under Investigation,2025-04-20
ganeshpillai0842@okhdfcbank,1,Confirmed Scam,2025-04-14
7852974956@pnb,1,Under Investigation,2025-10-24
1634380@pthdfc,1,Reported - Unverified,2025-07-09
210734949@upgraminbank,1,Confirmed Scam,2025-03-09
KIRANASTORE89408@upgraminbank,1,Under Investigation,2025-07-27
6575405738@okicici,1,Confirmed Scam,2025-12-24
2248056@boi,1,Confirmed Scam,2025-06-18
433690770@upgraminbank,1,Confirmed Scam,2025-05-18
SWEETSHOP39392@okhdfcbank,1,Reported - Unverified,2025-11-11
448788865@naviaxis,1,Under Investigation,2025-07-20
FASHIONSTORE61460@paytm,1,Confirmed Scam,2025-02-06
472687141@yesbankltd,1,Confirmed Scam,2025-10-08
geetareddy1714@okicici,1,Confirmed Scam,2025-01-23
2982734228@ptsbi,1,Confirmed Scam,2025-07-06
6936401@okaxis,1,Under Investigation,2025-12-13
0032999@yesbankltd,1,Confirmed Scam,2025-01-09
9552598@ptyes,1,Under Investigation,2025-02-11
018879286@ptaxis,1,Confirmed Scam,2025-09-11
5964101@mbkns,1,Under Investigation,2025-05-06
4954171@okhdfcbank,1,Reported - Unverified,2025-02-07
8559554076@pnb,1,Under Investigation,2025-01-10
meenanair1086@okbizaxis,1,Reported - Unverified,2025-06-24
2775602273@boi,1,Confirmed Scam,2025-04-06
2879963@ptyes,1,Confirmed Scam,2025-06-17
6043160596@okbizaxis,1,Under Investigation,2025-08-17
naveenchatterjee9411@ptyes,1,Under Investigation,2025-10-02
priyachatterjee0652@oksbi,1,Confirmed Scam,2025-03-27
rameshverma5466@yesbankltd,1,Confirmed Scam,2025-11-04
vijaynair1468@okaxis,1,Reported - Unverified,2025-12-22
0109826@ptyes,1,Under Investigation,2025-07-27
4011794@ybl,1,Confirmed Scam,2025-10-08
6798755@naviaxis,1,Confirmed Scam,2025-01-16
0552681664@okicici,1,Confirmed Scam,2025-01-06
5569874@ptsbi,1,Confirmed Scam,2025-12-23
6276116@pthdfc,1,Confirmed Scam,2025-07-16
318800461@naviaxis,1,Reported - Unverified,2025-08-09
MOBILESHOP88610@naviaxis,1,Reported - Unverified,2025-10-20
sanjaynair6891@naviaxis,1,Confirmed Scam,2025-03-21
970842127@okhdfcbank,1,Under Investigation,2025-06-21
8444873@oksbi,1,Reported - Unverified,2025-08-05
rajeshpillai9107@ybl,1,Confirmed Scam,2025-05-14
FASHIONSTORE89614@mbkns,1,Reported - Unverified,2025-12-12
0377192@boi,1,Confirmed Scam,2025-09-18
MOBILESHOP52779@pnb,1,Under Investigation,2025-08-10
rajeshrao9586@paytm,1,Confirmed Scam,2025-12-13
414404120@okhdfcbank,1,Under Investigation,2025-07-19
4494981171@upgraminbank,1,Under Investigation,2025-09-04
3964150139@ptsbi,1,Confirmed Scam,2025-05-16
9321705@ptaxis,1,Confirmed Scam,2025-01-14
KIRANASTORE47675@paytm,1,Under Investigation,2025-10-22
598768757@okicici,1,Confirmed Scam,2025-09-21
nishasharma5750@boi,1,Confirmed Scam,2025-02-26
SWEETSHOP80448@okbizaxis,1,Confirmed Scam,2025-03-06
kavyachatterjee1630@ptaxis,1,Confirmed Scam,2025-01-07
2350069@ptsbi,1,Reported - Unverified,2025-05-18
maheshiyer5485@okicici,1,Confirmed Scam,2025-09-15
0922698@ptyes,1,Confirmed Scam,2025-10-27
radhareddy0687@pnb,1,Reported - Unverified,2025-11-09
293919600@upgraminbank,1,Reported - Unverified,2025-07-18
6588419363@okbizaxis,1,Confirmed Scam,2025-02-15
0293063724@paytm,1,Confirmed Scam,2025-01-09
8545656@okaxis,1,Confirmed Scam,2025-02-19
arjunrao7280@ptaxis,1,Reported - Unverified,2025-11-22
divyachatterjee1545@mbkns,1,Confirmed Scam,2025-01-13
radharao4021@okaxis,1,Confirmed Scam,2025-05-08
520540419@mbkns,1,Reported - Unverified,2025-07-11
sureshmishra3606@ptaxis,1,Confirmed Scam,2025-10-25
vijaymishra8639@paytm,1,Reported - Unverified,2025-10-26
461101556@oksbi,1,Reported - Unverified,2025-05-19
3305605884@ptaxis,1,Reported - Unverified,2025-04-21
manojyadav6468@mbkns,1,Reported - Unverified,2025-08-08
4788348@okicici,1,Confirmed Scam,2025-06-01
kumarverma1570@okhdfcbank,1,Confirmed Scam,2025-09-08
karthikgupta0637@pnb,1,Confirmed Scam,2025-06-26
0197133592@oksbi,1,Confirmed Scam,2025-10-19
ELECTRONICS62155@ptaxis,1,Confirmed Scam,2025-03-17
FASHIONSTORE33674@ptsbi,1,Reported - Unverified,2025-04-08
431820725@okicici,1,Confirmed Scam,2025-10-02
FASHIONSTORE48331@yesbankltd,1,Confirmed Scam,2025-09-21
KIRANASTORE35362@okicici,1,Reported - Unverified,2025-12-20
SWEETSHOP87445@okaxis,1,Under Investigation,2025-04-08
8308494480@ptsbi,1,Confirmed Scam,2025-10-28
swatimenon2477@ptsbi,1,Under Investigation,2025-03-11
5115480@okbizaxis,1,Confirmed Scam,2025-11-18
9322543@okaxis,1,Reported - Unverified,2025-03-11
5409812@okbizaxis,1,Confirmed Scam,2025-12-22
ELECTRONICS29486@boi,1,Confirmed Scam,2025-12-03
681287491@pthdfc,1,Reported - Unverified,2025-07-23
9672495901@pnb,1,Confirmed Scam,2025-07-15
0673783@oksbi,1,Under Investigation,2025-05-04
406744218@mbkns,1,Confirmed Scam,2025-03-10
2417854065@pnb,1,Confirmed Scam,2025-07-23
sureshdas9320@okaxis,1,Confirmed Scam,2025-11-22
radhasingh4135@pnb,1,Confirmed Scam,2025-02-08
ELECTRONICS60226@mbkns,1,Reported - Unverified,2025-10-16
